{
  "urls": [
    "ch8.ogg",
    "ch8.m4a"
  ],
  "sprite": {
    "silence": [
      0,
      1000,
      true
    ],
    "AnchorReveal": [
      1050,
      1703.3333333333333
    ],
    "BoatRevealWin": [
      3100,
      2916.6666666666665
    ],
    "RevealChestOpen": [
      6150,
      1214.4444444444441
    ],
    "ScrollReset": [
      8200,
      1124.9886621315195
    ],
    "ScrollReveal": [
      10250,
      1103.650793650793
    ]
  }
}