{
  "urls": [
    "ch0.ogg",
    "ch0.m4a"
  ],
  "sprite": {
    "silence": [
      0,
      1000,
      true
    ],
    "BonusSymbol01": [
      1050,
      1018.7528344671201
    ],
    "BonusSymbol02": [
      3100,
      1018.7528344671199
    ],
    "BonusSymbol03": [
      5150,
      1018.7528344671204
    ],
    "ui_betDown": [
      7200.000000000001,
      307.66439909297014
    ],
    "ui_betMax": [
      8250,
      782.3582766439916
    ],
    "ui_click": [
      9300,
      35.12471655328753
    ],
    "ui_select": [
      10350,
      1266.439909297052
    ]
  }
}