{
  "urls": [
    "ch4.ogg",
    "ch4.m4a"
  ],
  "sprite": {
    "silence": [
      0,
      1000,
      true
    ],
    "CannonFire": [
      1050,
      1437.528344671202
    ],
    "ChestWin02": [
      3100.0000000000005,
      1622.9024943310658
    ],
    "IslandsTransition": [
      5150,
      4035.7142857142867
    ]
  }
}