{
  "urls": [
    "ch6.ogg",
    "ch6.m4a"
  ],
  "sprite": {
    "silence": [
      0,
      1000,
      true
    ],
    "BonusTransition": [
      1050,
      6410.2267573696145
    ],
    "ChestAppear": [
      8100,
      2836.2585034013605
    ],
    "ChestWin04": [
      11150,
      1580.725623582767
    ]
  }
}