{
  "urls": [
    "ch1.ogg",
    "ch1.m4a"
  ],
  "sprite": {
    "silence": [
      0,
      1000,
      true
    ],
    "BonusTriggered": [
      1050,
      1353.1519274376415
    ],
    "PointsRollUp": [
      3099.9999999999995,
      2000.7256235827667
    ],
    "PointsRollUpEnd": [
      6150,
      2437.5283446712024
    ],
    "ui_betUp": [
      9200.000000000002,
      258.86621315192747
    ],
    "ui_buy": [
      10250.000000000002,
      2057.3015873015875
    ]
  }
}