{
  "urls": [
    "ch2.ogg",
    "ch2.m4a"
  ],
  "sprite": {
    "silence": [
      0,
      1000,
      true
    ],
    "BaseGameLoop": [
      1050,
      30315.78231292517
    ],
    "CanonBattleLoop": [
      32100,
      15157.913832199547
    ],
    "HuntLoopNoMelody": [
      48150,
      30315.782312925174
    ]
  }
}