{
  "urls": [
    "ch3.ogg",
    "ch3.m4a"
  ],
  "sprite": {
    "silence": [
      0,
      1000,
      true
    ],
    "ChestWin01": [
      1050,
      1622.9024943310656
    ],
    "LoseTerm": [
      3099.9999999999995,
      1405.6689342403627
    ],
    "WinTerm": [
      5149.999999999999,
      5087.074829931972
    ]
  }
}