{
  "urls": [
    "ch5.ogg",
    "ch5.m4a"
  ],
  "sprite": {
    "silence": [
      0,
      1000,
      true
    ],
    "BoatRevealCollect": [
      1050,
      3566.3718820861677
    ],
    "ChestWin03": [
      5100,
      1622.9024943310658
    ]
  }
}