{
  "urls": [
    "ch7.ogg",
    "ch7.m4a"
  ],
  "sprite": {
    "silence": [
      0,
      1000,
      true
    ],
    "BoatRevealWin": [
      1050,
      2916.666666666667
    ],
    "ChestBonusSymbol": [
      4100.000000000001,
      1466.6666666666667
    ],
    "ChestReset": [
      6150,
      672.7891156462587
    ],
    "IslandLose": [
      7200,
      4562.834467120182
    ],
    "IslandWin": [
      12250.000000000002,
      3005.895691609977
    ],
    "NoMatch01": [
      16300,
      1333.3333333333321
    ],
    "ScrollSelect": [
      18350,
      418.23129251700664
    ]
  }
}